<?xml version="1.0" encoding="UTF-8"?>
<project-private xmlns="http://www.netbeans.org/ns/project-private/1">
    <editor-bookmarks xmlns="http://www.netbeans.org/ns/editor-bookmarks/2" lastBookmarkId="0"/>
    <open-files xmlns="http://www.netbeans.org/ns/projectui-open-files/2">
        <group>
            <file>file:/C:/Users/TomasUcu/Documents/NetBeansProjects/UT3_PD12/src/Lista.java</file>
            <file>file:/C:/Users/TomasUcu/Documents/NetBeansProjects/UT3_PD12/src/Conjunto.java</file>
            <file>file:/C:/Users/TomasUcu/Documents/NetBeansProjects/UT3_PD12/test/ConjuntoTest.java</file>
        </group>
    </open-files>
</project-private>
