<?xml version="1.0" encoding="UTF-8"?>
<project-private xmlns="http://www.netbeans.org/ns/project-private/1">
    <editor-bookmarks xmlns="http://www.netbeans.org/ns/editor-bookmarks/2" lastBookmarkId="0"/>
    <open-files xmlns="http://www.netbeans.org/ns/projectui-open-files/2">
        <group>
            <file>file:/C:/Users/nmais/OneDrive%20-%20Universidad%20Católica%20del%20Uruguay/Escritorio/UCU/SegundoAño/Algoritmos/Unidad6/Practico/TA3/alumnos/src/MedicionBuscarLinkedList.java</file>
            <file>file:/C:/Users/nmais/OneDrive%20-%20Universidad%20Católica%20del%20Uruguay/Escritorio/UCU/SegundoAño/Algoritmos/Unidad6/Practico/TA3/alumnos/src/MedicionBuscarHashMap.java</file>
            <file>file:/C:/Users/nmais/OneDrive%20-%20Universidad%20Católica%20del%20Uruguay/Escritorio/UCU/SegundoAño/Algoritmos/Unidad6/Practico/TA3/alumnos/src/Medicion.java</file>
            <file>file:/C:/Users/nmais/OneDrive%20-%20Universidad%20Católica%20del%20Uruguay/Escritorio/UCU/SegundoAño/Algoritmos/Unidad6/Practico/TA3/alumnos/src/MedicionBuscarTreeMap.java</file>
            <file>file:/C:/Users/nmais/OneDrive%20-%20Universidad%20Católica%20del%20Uruguay/Escritorio/UCU/SegundoAño/Algoritmos/Unidad6/Practico/TA3/alumnos/src/salida.csv</file>
            <file>file:/C:/Users/nmais/OneDrive%20-%20Universidad%20Católica%20del%20Uruguay/Escritorio/UCU/SegundoAño/Algoritmos/Unidad6/Practico/TA3/alumnos/src/Main.java</file>
            <file>file:/C:/Users/nmais/OneDrive%20-%20Universidad%20Católica%20del%20Uruguay/Escritorio/UCU/SegundoAño/Algoritmos/Unidad6/Practico/TA3/alumnos/src/MedicionBuscarTrie.java</file>
            <file>file:/C:/Users/nmais/OneDrive%20-%20Universidad%20Católica%20del%20Uruguay/Escritorio/UCU/SegundoAño/Algoritmos/Unidad6/Practico/TA3/alumnos/src/MedicionBuscarArrayList.java</file>
        </group>
    </open-files>
</project-private>
